Métrica,Regresión Logística,Regresión Lineal,Diferencia,Mejor Modelo
Accuracy,0.7924045449892517,0.8320196540075749,-0.039615109018323214,Lineal
Precision,0.5438548998375744,0.7318982387475538,-0.18804333890997937,Lineal
Recall,0.8541666666666666,0.4770408163265306,0.377125850340136,Logística
F1-Score,0.6645716175984122,0.5776061776061776,0.0869654399922346,Logística
ROC-AUC,0.8972333220061652,0.8866463752145053,0.010586946791659946,Logística
